Learning Rate,Weight Decay,mAP,Precision,Recall
0.001,0.0005,0.991047873641491,0.9883435970627041,0.992242094104205
0.001,0.0001,0.9903886675952314,0.9869503875132011,0.9903030782075181
0.01,0.0005,0.990746470002615,0.9846995748721553,0.9899975068188489
0.01,0.0001,0.9902407900576378,0.9808932192139229,0.9909417559635761
0.0005,0.0005,0.9911017050000936,0.9845721111536865,0.9890046562609034
0.0005,0.0001,0.989867897338894,0.9848874003536907,0.9891232972337076
